{
	"pages": [{
		"path": "pages/index/index",
		"style": {
			"navigationBarTitleText": "uni-app"
		}
	},
	{
		"path": "pages/about/about",
		"style": {
			"navigationBarTitleText": "关于"
		}
	}],
	"tabBar": {
			"color": "#7A7E83",
			"selectedColor": "#007AFF",
			"borderStyle": "black",
			"backgroundColor": "#F8F8F8",
			"list": [{
					"pagePath": "pages/index/index",
					"iconPath": "static/c1.png",
					"selectedIconPath": "static/c2.png",
					"text": "内置组件"
				},
				{
					"pagePath": "pages/about/about",
					"iconPath": "static/c3.png",
					"selectedIconPath": "static/c4.png",
					"text": "模板"
				}
			]
		},
	"globalStyle": {
		"navigationBarTextStyle": "black",
		"navigationBarTitleText": "uni-app",
		"navigationBarBackgroundColor": "#F8F8F8",
		"backgroundColor": "#F8F8F8",
		"app-plus": {
			"background": "#efeff4"
		}
	}
}
